M,R,RoadYield,RC-CPC,RC-NDCG,NextRoadAcc,NextRoadNLL,conditional_RC-CPC,conditional_RC-NDCG,conditional_NextRoadAcc,conditional_NextRoadNLL,valid_route_count,choice_trip_count,choice_event_count,source,sha256
SPRT,Original,0.00011680196227296618,0.0,9.081952618060898e-05,3.76939185927193e-05,10.440186652976106,0.0,0.7775513733952839,0.3227164840315663,1.385155965547079,2,0,0,E:\study\大四下\Paper-Agent-main\Paper-Agent-main\ARA_codex\reproducibility_folders\GSRT\experiment_results\rebuttal_shared_mr\direct\SPRT\Original.pkl.gz,ddaa22e54daf4a4a45e97191cd081a0e300b734a18ba4245297769b82208f022
SPRT,Nearest,0.00017520294340944928,0.0,0.00013622928927091348,5.654087788907895e-05,10.03472154486794,0.0,0.7775513733952839,0.3227164840315663,1.385155965547079,3,0,0,E:\study\大四下\Paper-Agent-main\Paper-Agent-main\ARA_codex\reproducibility_folders\GSRT\experiment_results\rebuttal_shared_mr\direct\SPRT\Nearest.pkl.gz,992b11182d74de0904e02f6a30276089f446f46941e7e41e8537f8c44a0e2c1b
SPRT,Full FMM,0.01740349237867196,0.0016585696757434479,0.013748872436512334,0.005531471713850481,5.5086506189223945,0.09530096831461429,0.7900065192295326,0.31783687971899927,1.4575662374388278,298,133,201,E:\study\大四下\Paper-Agent-main\Paper-Agent-main\ARA_codex\reproducibility_folders\GSRT\datasets\synthetic\route_experiments\SPRT\FMM.pkl.gz,d5544d89122ab8cd4d5c0c612b9b68ae3b6f38f1b134a4cdaea41c93e11be35c
SPRT,Full STMatch,0.9284003971266718,0.30430237776234326,0.7815247994321792,0.3494966663183226,1.427996181468639,0.3277706242954396,0.8417971403835444,0.37645036279603933,1.3537040046405397,15897,15504,192157,E:\study\大四下\Paper-Agent-main\Paper-Agent-main\ARA_codex\reproducibility_folders\GSRT\datasets\synthetic\route_experiments\SPRT\STMatch.pkl.gz,ca60ced0960a2f224aa23a566e325d0a51ed531e001122efc7045bf077713a82
SPRT,Family additive,0.930970040296677,0.3017629898968665,0.7811012594504572,0.3439872665056982,1.4254265321083563,0.32413823950844023,0.8390186855009207,0.3694933796108821,1.3538983497530317,15941,15434,185839,E:\study\大四下\Paper-Agent-main\Paper-Agent-main\ARA_codex\reproducibility_folders\GSRT\experiment_results\rebuttal_shared_mr\family\SPRT\Family_additive.pkl.gz,76c6a8f0451257bfeec81a3256152b661b0594ecdca169dadc3103d4854a41f6
SPRT,Family residual,0.9284003971266718,0.30430237776234326,0.7815247994321792,0.3494966663183226,1.4279961814686393,0.3277706242954396,0.8417971403835444,0.37645036279603933,1.35370400464054,15897,15504,192157,E:\study\大四下\Paper-Agent-main\Paper-Agent-main\ARA_codex\reproducibility_folders\GSRT\experiment_results\rebuttal_shared_mr\family\SPRT\Family_residual.pkl.gz,fdde158164a5a6ddc619eafe2b0d9696334d53ed71dca60a457aad5522ccd7d0
SPRT,Family length-OT,0.9315540501080418,0.30201615404934457,0.7843432107653164,0.34825233243733433,1.4243050934823218,0.3242067961749688,0.8419728416986091,0.37384017856714163,1.3534040276657988,15951,15435,185827,E:\study\大四下\Paper-Agent-main\Paper-Agent-main\ARA_codex\reproducibility_folders\GSRT\experiment_results\rebuttal_shared_mr\family\SPRT\Family_length-OT.pkl.gz,090a328d05c4e02a6d99f9c6a206a357372c8586cde7afb4d01c5d476400d356
SPRT,Self-carrier reweight,0.9311452432400864,0.3017372407504934,0.7838684910523429,0.34994259171002445,1.4243853580138046,0.3240495969249058,0.8418326751310379,0.37581955581101034,1.3530453519174641,15944,15436,185835,E:\study\大四下\Paper-Agent-main\Paper-Agent-main\ARA_codex\reproducibility_folders\GSRT\experiment_results\rebuttal_shared_mr\family\SPRT\Self-carrier_reweight.pkl.gz,877b270fec8e9cc4758efe3c7604b7e09e157e9132ced5142f953691c288756a
PrivTrace,Original,0.0,0.0,0.0,0.0,inf,0.0,0.7775513733952839,0.3227164840315663,1.385155965547079,0,0,0,E:\study\大四下\Paper-Agent-main\Paper-Agent-main\ARA_codex\reproducibility_folders\GSRT\experiment_results\rebuttal_shared_mr\direct\PrivTrace\Original.pkl.gz,0a53b6aa87220639ad71a4a94a25e1a5f2d9bfbd1a9f657f23008665c5b595a1
PrivTrace,Nearest,0.09198154528996087,0.0005348432621308684,0.07144235753054774,0.029365145218153362,3.7903271917015555,0.00581468011267737,0.7767031669813136,0.3192504009971048,1.4041598749723176,1575,190,190,E:\study\大四下\Paper-Agent-main\Paper-Agent-main\ARA_codex\reproducibility_folders\GSRT\experiment_results\rebuttal_shared_mr\direct\PrivTrace\Nearest.pkl.gz,ba746fbb51b81c758cddf51b0701bae9a44631b3199ad3898e6a1b4de56105a7
PrivTrace,Full FMM,0.18478070431583252,0.025042124865619162,0.15031990754329064,0.06522676654157104,3.0471298858241234,0.13552348422060584,0.8135043542552988,0.3529955510402405,1.3585443467226965,3164,1279,2519,E:\study\大四下\Paper-Agent-main\Paper-Agent-main\ARA_codex\reproducibility_folders\GSRT\datasets\synthetic\route_experiments\PrivTrace\FMM.pkl.gz,b497b49f48231657666f930fac02b8eefb7407c39f0f3a06cea72a1b40f3927b
PrivTrace,Full STMatch,0.5404426794370145,0.1907991880160994,0.46019871745815133,0.21122446081250135,1.9665741168578348,0.35304241370214723,0.8515217893922548,0.3908360106432311,1.3512074183358085,9254,7329,43961,E:\study\大四下\Paper-Agent-main\Paper-Agent-main\ARA_codex\reproducibility_folders\GSRT\datasets\synthetic\route_experiments\PrivTrace\STMatch.pkl.gz,dbbbfd55a41694225140dd035b4668451495c28e8f2a2a608df5418c87c6e835
PrivTrace,Family additive,0.6689832389184138,0.20599412426140026,0.5673676948304524,0.2598019705142566,1.7670341375324077,0.30792120381736854,0.848104499221461,0.38835348241952117,1.3650378644310324,11455,8343,39048,E:\study\大四下\Paper-Agent-main\Paper-Agent-main\ARA_codex\reproducibility_folders\GSRT\experiment_results\rebuttal_shared_mr\family\PrivTrace\Family_additive.pkl.gz,e93b56607df1b6da34eb70cb06894f77af8ca1c6030dbea21a1f9f59da60a469
PrivTrace,Family residual,0.5404426794370145,0.19079918801609946,0.46019871745815133,0.21122446081250135,1.9665741168578348,0.35304241370214734,0.8515217893922548,0.3908360106432311,1.3512074183358085,9254,7329,43961,E:\study\大四下\Paper-Agent-main\Paper-Agent-main\ARA_codex\reproducibility_folders\GSRT\experiment_results\rebuttal_shared_mr\family\PrivTrace\Family_residual.pkl.gz,e73457fbc55d1f861cbbb4650ca2fdbad74a94c1196a9bfdc79fa90337d460b9
PrivTrace,Family length-OT,0.6727793026922853,0.20818713484573645,0.5715727619872107,0.2620243085472841,1.7568684457246753,0.3094434296843355,0.8495694794710945,0.38946547181034247,1.3605305119855864,11520,8358,39663,E:\study\大四下\Paper-Agent-main\Paper-Agent-main\ARA_codex\reproducibility_folders\GSRT\experiment_results\rebuttal_shared_mr\family\PrivTrace\Family_length-OT.pkl.gz,d71eee830f18368a3a9bf4daaa82b9978758bcfa5af186831db6ba2c8cc55bcf
PrivTrace,Self-carrier reweight,0.6727209017111487,0.20743720790224474,0.5709062800784178,0.26182906020146357,1.7583252144998678,0.3083555266004112,0.8486525074904722,0.3892090457357115,1.361900471437403,11519,8379,39696,E:\study\大四下\Paper-Agent-main\Paper-Agent-main\ARA_codex\reproducibility_folders\GSRT\experiment_results\rebuttal_shared_mr\family\PrivTrace\Self-carrier_reweight.pkl.gz,3c8ec8eb1c77fd8f3da123bd82e480c25e41802d223a8532263b6a1d06b3fa82
DPTraj-PM,Original,0.0,0.0,0.0,0.0,inf,0.0,0.7775513733952839,0.3227164840315663,1.385155965547079,0,0,0,E:\study\大四下\Paper-Agent-main\Paper-Agent-main\ARA_codex\reproducibility_folders\GSRT\experiment_results\rebuttal_shared_mr\direct\DPTraj-PM\Original.pkl.gz,0a53b6aa87220639ad71a4a94a25e1a5f2d9bfbd1a9f657f23008665c5b595a1
DPTraj-PM,Nearest,0.0,0.0,0.0,0.0,inf,0.0,0.7775513733952839,0.3227164840315663,1.385155965547079,0,0,0,E:\study\大四下\Paper-Agent-main\Paper-Agent-main\ARA_codex\reproducibility_folders\GSRT\experiment_results\rebuttal_shared_mr\direct\DPTraj-PM\Nearest.pkl.gz,ed332f7dec3abe5cc0ace48eec61f733e429e4a1ffb6430ba07f3c93b762093d
DPTraj-PM,Full FMM,0.0009344156981837294,2.4350461502362285e-06,0.0007254635532325268,0.0003017781265068819,8.367385090066803,0.002605955951905934,0.7763820263750348,0.3229591787610837,1.3917959443176129,16,10,21,E:\study\大四下\Paper-Agent-main\Paper-Agent-main\ARA_codex\reproducibility_folders\GSRT\datasets\synthetic\route_experiments\DPTraj-PM\FMM.pkl.gz,4bdb4d26440eb923e897d77b09cdfbb2b8984b9bbd16fafd91fb7b3c926d0b2a
DPTraj-PM,Full STMatch,0.15493780295508963,0.012405634676616888,0.1255191517991612,0.05688580617931837,3.302335005115636,0.08006848193279721,0.8101260596521062,0.36715252891385924,1.437603491264405,2653,2635,64591,E:\study\大四下\Paper-Agent-main\Paper-Agent-main\ARA_codex\reproducibility_folders\GSRT\datasets\synthetic\route_experiments\DPTraj-PM\STMatch.pkl.gz,181294b5719d3c4f55baa35541a746f861a2bacda9d8b4e0112fc238d525da9a
DPTraj-PM,Family additive,0.16048589616305553,0.012759815658409399,0.12998730884923768,0.05886591506148454,3.267266803003637,0.07950739574925188,0.8099609495725971,0.36679805807780197,1.4377175883569058,2748,2728,64716,E:\study\大四下\Paper-Agent-main\Paper-Agent-main\ARA_codex\reproducibility_folders\GSRT\experiment_results\rebuttal_shared_mr\family\DPTraj-PM\Family_additive.pkl.gz,35846316e5446aad050845fc77af619e4f35a5842d6145017f9c07b0fa5d7418
DPTraj-PM,Family residual,0.15493780295508963,0.012405634676616888,0.1255191517991612,0.05688580617931837,3.302335005115636,0.08006848193279721,0.8101260596521062,0.36715252891385924,1.437603491264405,2653,2635,64591,E:\study\大四下\Paper-Agent-main\Paper-Agent-main\ARA_codex\reproducibility_folders\GSRT\experiment_results\rebuttal_shared_mr\family\DPTraj-PM\Family_residual.pkl.gz,b2c2b06343e4608f3ef4078fecc7be551c11050546f1886f8e6c880e6a28e9fa
DPTraj-PM,Family length-OT,0.16036909420078257,0.012760043919380544,0.12991615591007666,0.05888900456310235,3.268036681466076,0.07956672688694576,0.8101071877815887,0.36720918613765535,1.4377593998050213,2746,2726,64667,E:\study\大四下\Paper-Agent-main\Paper-Agent-main\ARA_codex\reproducibility_folders\GSRT\experiment_results\rebuttal_shared_mr\family\DPTraj-PM\Family_length-OT.pkl.gz,24a02fea333121e4e795a63f36546580ce05c5f99b36dc63b1ae0b4b5af3c7cc
DPTraj-PM,Self-carrier reweight,0.16048589616305553,0.012773191781178951,0.13001943128627103,0.05892146152625869,3.267220008550831,0.07959074340215691,0.8101611069559022,0.3671441723850537,1.4376707939040998,2748,2728,64674,E:\study\大四下\Paper-Agent-main\Paper-Agent-main\ARA_codex\reproducibility_folders\GSRT\experiment_results\rebuttal_shared_mr\family\DPTraj-PM\Self-carrier_reweight.pkl.gz,e5134d247c90bb1e6562cc92b05c909e78a792b094ac06969931f852412a93b0
DPStd,Original,0.0,0.0,0.0,0.0,inf,0.0,0.7775513733952839,0.3227164840315663,1.385155965547079,0,0,0,E:\study\大四下\Paper-Agent-main\Paper-Agent-main\ARA_codex\reproducibility_folders\GSRT\experiment_results\rebuttal_shared_mr\direct\DPStd\Original.pkl.gz,0a53b6aa87220639ad71a4a94a25e1a5f2d9bfbd1a9f657f23008665c5b595a1
DPStd,Nearest,0.6332418384628862,0.001116759051898964,0.4927358095506456,0.20484299760345653,1.8428990849590947,0.0017635585396722274,0.7781163208462331,0.3234830441726447,1.3859962064423055,10843,382,382,E:\study\大四下\Paper-Agent-main\Paper-Agent-main\ARA_codex\reproducibility_folders\GSRT\experiment_results\rebuttal_shared_mr\direct\DPStd\Nearest.pkl.gz,feb1891cafa163d92ef698433ebd89c2780abe9844b634e063c04c575682dd89
DPStd,Full FMM,0.6350522688781172,0.019116132761957876,0.4977789962896114,0.20732541887832598,1.8577539620140633,0.03010166831736295,0.783839410839343,0.32646984986698324,1.403705991730958,10874,413,464,E:\study\大四下\Paper-Agent-main\Paper-Agent-main\ARA_codex\reproducibility_folders\GSRT\datasets\synthetic\route_experiments\DPStd\FMM.pkl.gz,85aa6f227200b5ba591b81c8b57ce7589fdd3b7fd21bfd9a9f14d2c5b949054a
DPStd,Full STMatch,0.7939029375693512,0.17493424053573778,0.6662424993493102,0.2947696570392353,1.6423862632401542,0.2203471384944415,0.8391989345562925,0.37129180796548666,1.4115921931577666,13594,2784,11909,E:\study\大四下\Paper-Agent-main\Paper-Agent-main\ARA_codex\reproducibility_folders\GSRT\datasets\synthetic\route_experiments\DPStd\STMatch.pkl.gz,fde11b6ae09f8c603ba227aa1df7b7b9853b4e7b35e0eb4ea9efa173bc7e56b5
DPStd,Family additive,0.9373357472405537,0.1602003553932863,0.7755361335086696,0.3729049163818391,1.4814280651619405,0.17091032307783435,0.8273835024342024,0.39783494599415764,1.4167143257311312,16050,2184,7630,E:\study\大四下\Paper-Agent-main\Paper-Agent-main\ARA_codex\reproducibility_folders\GSRT\experiment_results\rebuttal_shared_mr\family\DPStd\Family_additive.pkl.gz,3ffbdab06e6c01b74486b20b41958f51150f04cc1a46426346c1390cf6232f4e
DPStd,Family residual,0.7939029375693512,0.17493424053573778,0.6662424993493102,0.2947696570392353,1.6423862632401542,0.2203471384944415,0.8391989345562925,0.37129180796548666,1.4115921931577666,13594,2784,11909,E:\study\大四下\Paper-Agent-main\Paper-Agent-main\ARA_codex\reproducibility_folders\GSRT\experiment_results\rebuttal_shared_mr\family\DPStd\Family_residual.pkl.gz,96f82d88a21b5da056a6adb0da994d5a97a6433a701394923d95c183f771ccb7
DPStd,Family length-OT,0.9364597325235064,0.16208626330915976,0.7777759548804419,0.3729178822386096,1.4978208423924935,0.17308407150874602,0.8305492781676213,0.39822094777497424,1.4321720865307777,16035,2242,7949,E:\study\大四下\Paper-Agent-main\Paper-Agent-main\ARA_codex\reproducibility_folders\GSRT\experiment_results\rebuttal_shared_mr\family\DPStd\Family_length-OT.pkl.gz,62accdcf826b0aad18db1bcd6f8bf1ba8c81ecc2f9992a4bd4f29b7a34003ade
DPStd,Self-carrier reweight,0.9352917129007767,0.1576102566152293,0.7785729680443975,0.3756852809646535,1.4809750983898329,0.16851454411630165,0.8324386470074441,0.40167711932299477,1.4140782924441202,16015,2208,7656,E:\study\大四下\Paper-Agent-main\Paper-Agent-main\ARA_codex\reproducibility_folders\GSRT\experiment_results\rebuttal_shared_mr\family\DPStd\Self-carrier_reweight.pkl.gz,12ed9c3855e8b0276ddc838c085c76dbd02c596b021aeeddb3eb8bc2f866ef67
MTR-GSRT,Original,1.0,0.3474641715869981,0.7917935521801124,0.31103951821297726,1.4912033731725056,0.3474641715869981,0.7917935521801124,0.31103951821297726,1.4912033731725056,17123,13688,48068,E:\study\大四下\Paper-Agent-main\Paper-Agent-main\ARA_codex\reproducibility_folders\GSRT\datasets\synthetic\route_experiments\MTR-GSRT\Original.pkl,ee87aef1c919244bc47fefcbb376bb9652a18b0231c1beb12498bd8bb9aea001
MTR-GSRT,Nearest,0.00029200490568241546,3.982064127133487e-08,0.00022705836797161345,9.423290571753644e-05,9.523860443235657,0.00013636976809781342,0.7775840869555875,0.3227100089202753,1.3851204876807865,5,2,2,E:\study\大四下\Paper-Agent-main\Paper-Agent-main\ARA_codex\reproducibility_folders\GSRT\experiment_results\rebuttal_shared_mr\direct\MTR-GSRT\Nearest.pkl.gz,0fb7e7d4573599754c3b6157bb3ac16191602d5d450c8a68a121fc6225860288
MTR-GSRT,Full FMM,0.3426969573088828,0.13932444416514198,0.29043287372466353,0.12991164032725097,2.4345573916759524,0.40655290685748574,0.8474918365350058,0.3790860629385682,1.3636486629498537,5868,5026,14807,E:\study\大四下\Paper-Agent-main\Paper-Agent-main\ARA_codex\reproducibility_folders\GSRT\datasets\synthetic\route_experiments\MTR-GSRT\FMM.pkl.gz,da6ccdea7c1eba45083dad59f391ea1efa0537057e08f7a22b8232ccc683120d
MTR-GSRT,Full STMatch,0.9922910704899842,0.4909578744688092,0.862790035293936,0.4202455918865178,1.311733356370808,0.4947720372273215,0.8694928947288604,0.4235104037356744,1.3039945594675955,16991,16102,150734,E:\study\大四下\Paper-Agent-main\Paper-Agent-main\ARA_codex\reproducibility_folders\GSRT\datasets\synthetic\route_experiments\MTR-GSRT\STMatch.pkl.gz,d70e71b4d63923003b2d8d4eecd208e202119e00a52e144a513151051ca12c04
MTR-GSRT,Family additive,0.9941015009052152,0.49228156080804614,0.8645742703298033,0.41612639515647737,1.305455973259555,0.4952025123790491,0.8697042198835168,0.418595480217622,1.2995400093074903,17022,15741,126836,E:\study\大四下\Paper-Agent-main\Paper-Agent-main\ARA_codex\reproducibility_folders\GSRT\experiment_results\rebuttal_shared_mr\family\MTR-GSRT\Family_additive.pkl.gz,500703c8131bf2bc932d353d80adbc988c272aac1c7930666f1fc0015c8376a4
MTR-GSRT,Family residual,0.9922910704899842,0.4909578744688092,0.862790035293936,0.4202455918865178,1.3117333563708078,0.4947720372273215,0.8694928947288604,0.4235104037356744,1.3039945594675952,16991,16102,150734,E:\study\大四下\Paper-Agent-main\Paper-Agent-main\ARA_codex\reproducibility_folders\GSRT\experiment_results\rebuttal_shared_mr\family\MTR-GSRT\Family_residual.pkl.gz,f0c12b8b8d972c69459efc997d0b3d132d0ffc59868662fd71a5a875a84615cb
MTR-GSRT,Family length-OT,0.9943351048297612,0.4935968271611011,0.8672099025662406,0.42029336141039314,1.305977862921617,0.4964089317208701,0.8721505439705003,0.42268784373488555,1.3002968613766481,17026,15706,125757,E:\study\大四下\Paper-Agent-main\Paper-Agent-main\ARA_codex\reproducibility_folders\GSRT\experiment_results\rebuttal_shared_mr\family\MTR-GSRT\Family_length-OT.pkl.gz,8492a9e2066c66ccc20b5232059d2d55482fd5f7943ee107b0c4fbdf4fee29da
MTR-GSRT,Self-carrier reweight,0.9944519067920341,0.4927666859263234,0.864731049797628,0.4132463439802218,1.305293225612582,0.4955158540707326,0.8695554243413662,0.4155518644569731,1.2997296845716537,17028,15709,125814,E:\study\大四下\Paper-Agent-main\Paper-Agent-main\ARA_codex\reproducibility_folders\GSRT\experiment_results\rebuttal_shared_mr\family\MTR-GSRT\Self-carrier_reweight.pkl.gz,13474684c3dc3761355e6af8262c14db3631d3e98d009f9f11b56e988188138c
